depto,poblacion_total,poblacion_hombres,poblacion_mujeres,adolescents_out_of_school_count,adolescents_population_13_15,adolescents_out_of_school_rate,adult_literate_count,adult_population_15_plus,adult_literacy_rate,youth_literate_count,youth_population_15_24.x,youth_literacy_rate,primary_completion_count,primary_age_population,primary_school_age_population,primary_completion_rate,lower_secondary_completion_count,lower_secondary_age_population,lower_secondary_completion_rate,primary_enrolled_count,net_primary_enrollment_rate,secondary_enrolled_count,secondary_age_population,net_secondary_enrollment_rate,child_employment_count,child_population_7_14,child_employment_rate,youth_labor_force_count,youth_lfpr_rate,labor_force_count,population_15_plus,lfpr_rate,neet_count,neet_population_15_24,neet_rate,unemployment_count,labor_force_population_15_plus,unemployment_rate,youth_unemployment_count,youth_labor_force_population,youth_unemployment_rate,vulnerable_employment_count,employed_population,vulnerable_employment_rate,total_households,urban_households,rural_households,pct_urban_households,pct_rural_households,households_receiving_remittances,pct_households_receiving_remittances,total_emigrants_household,households_with_emigrants,households_with_1_emigrant,households_with_2plus_emigrants,pct_households_with_emigrants,depto_name,dept_geo_code,Country,ISO3
01,472385.6785278348,227481.4274201418,244904.2511076959,10540.95118346291,35481.2661113607,29.70849786019281,273556.8557971823,330126.2238052011,82.86432160524184,56834.19572433295,82350.19752355936,69.01525124827225,900.5511754664972,48867.17420805301,48867.17420805301,1.8428550249956788,857.020140773242,35481.2661113607,2.4154158932305796,45366.89588455793,92.83715831696638,24940.31492789778,35481.2661113607,70.29150213980715,1287.845423579885,72366.96032450642,1.7796041422839308,29166.06788858087,35.41711952814299,160202.8761265538,330126.2238052011,48.52776440477063,36655.16375258677,82350.19752355936,44.51132462930668,9889.85973916658,160202.8761265538,6.173334698032506,2525.2944358483896,29166.06788858087,8.65833010296563,51391.794732448114,150313.01638738715,34.18984993289006,136319.76048748643,97060.60635085466,39259.154136631754,71.20068726922713,28.79931273077286,28067.6546361429,20.589571560110972,37885.4659124,30462.883000500042,30462.883000500042,5495.0043437999975,22.34663770796194,Atlántida,HNAT,Honduras,HND
02,321906.47827650513,150757.71727371815,171148.7610027871,6692.19133357957,18644.291592975587,35.89404993054773,163123.82805597805,219480.32572643444,74.32275650041613,33385.559673376614,53230.07285794429,62.71935746260022,656.0042133458928,50561.24330087515,50561.24330087515,1.297444782839306,0,18644.291592975587,0,46737.33330734368,92.4370728568194,11952.100259396017,18644.291592975587,64.10595006945226,1893.3877743607093,64333.98324828977,2.943060073015209,24365.64707313076,45.77421326879572,110231.6170305382,219480.32572643444,50.22391718514831,18128.51985251911,53230.07285794429,34.056913468630604,2717.437303490182,110231.6170305382,2.4652067861232156,1514.228948270728,24365.64707313076,6.214605931563974,39790.010973115306,107514.179727048,37.00908203376739,95421.2729507346,49096.32953903762,46324.943411697,51.45218463432755,48.54781536567246,16887.104102344812,17.697420690524133,34043.674169999984,27841.64971049999,27841.64971049999,3544.9605899999997,29.177612967785972,Colón,HNCL,Honduras,HND
03,533868.4013529712,253212.63141604167,280655.76993693126,18743.85353269821,39344.75919553672,47.64002605669656,275294.68235241127,361172.8507635964,76.22241864812918,56662.46650654068,87720.03727805894,64.59466760932789,2445.5252010003496,84781.21355747824,84781.21355747824,2.8845130877283114,0,39344.75919553672,0,79830.904839845,94.16107825081184,20600.905662838493,39344.75919553672,52.3599739433034,5749.046869096851,113608.73256367634,5.0603916964521884,40210.33426183557,45.83939486297188,186067.2084017074,361172.8507635964,51.51749584951406,37172.56687776739,87720.03727805894,42.37636922102086,9479.494545318135,186067.2084017074,5.094661561672116,4864.913717853079,40210.33426183557,12.098665199285511,74392.21797100813,176587.71385638943,42.12762957648789,141768.94432410767,68749.71552268528,73019.22880142246,48.49420008765238,51.50579991234767,24804.699866494055,17.496568084605567,45254.754407149994,34916.320405349994,34916.320405349994,6666.962745399998,24.62903322855068,Comayagua,HNCM,Honduras,HND
04,401163.52531150327,182405.07256268497,218758.4527488181,15963.30661888716,28211.022024981467,56.58535378389095,206786.7380583885,280172.98008761235,73.8068096337215,52190.05805092197,66210.79800555082,78.82408855206153,1083.26129455723,52407.88984436638,52407.88984436638,2.066981322419483,0,28211.022024981467,0,50091.9841080934,95.58099793151293,12247.715406094292,28211.022024981467,43.41464621610899,11379.985528232684,69391.803521035,16.399610545909827,43154.16291802641,65.1769261479201,166881.11762154827,280172.98008761235,59.563601589761866,19722.12818944034,66210.79800555082,29.78687583222743,6367.350771547824,166881.11762154827,3.8155010358857098,3925.3187736474742,43154.16291802641,9.09603734199137,77252.16903187383,160513.76685000048,48.12806436974699,116059.37027036214,50037.01105370019,66022.35921666195,43.113288429136034,56.88671157086396,21872.590829924527,18.846036109770353,32398.29386305323,27045.037154933227,27045.037154933227,3192.8953318799963,23.30276055430198,Copán,HNCP,Honduras,HND
05,1906965.4184914865,872806.5750074369,1034158.8434840296,15739.29672907302,107064.84398021182,14.7007142064131,1118270.8573234044,1406067.165212356,79.53182358500732,214157.80602651168,358998.34461465274,59.65426003743491,433.140495226665,212285.6339397642,212285.6339397642,0.20403664967247295,4744.690366098228,107064.84398021182,4.43160442747683,202173.38072522212,95.2364872615867,91325.54725113884,107064.84398021182,85.29928579358695,5899.718423872106,283847.8144546073,2.078479425747202,170975.0289147641,47.62557585001901,824363.6346642062,1406067.165212356,58.62903672455106,91593.4195993363,358998.34461465274,25.51360499939137,36861.9161236402,824363.6346642062,4.471560191838814,13965.525600377943,170975.0289147641,8.16816683057276,220599.36262150152,787501.7185405652,28.012556344680306,511187.18307310133,426025.11793545913,85162.06513764191,83.34033638604282,16.659663613957136,82873.97988633605,16.212061379967114,96244.58305719336,78557.62447629975,78557.62447629975,14030.346150973332,15.36768273492995,Cortés,HNCR,Honduras,HND
06,475535.9996391488,226808.65197599644,248727.34766315875,7390.833222424165,24402.49693853112,30.287200695245932,267561.36550899316,356342.294056011,75.08549222813754,44951.545236501646,74932.79661437399,59.98914663206206,773.748559331053,54064.43754161245,54064.43754161245,1.4311599167854323,538.2598673607325,24402.49693853112,2.2057573399828176,51775.15104324383,95.76563337664136,17011.663716106937,24402.49693853112,69.71279930475399,1560.1125843033738,71232.16500574107,2.1901799337106125,35175.388252008364,46.94258034039643,194722.5001958251,356342.294056011,54.64479054097855,25255.59842797602,74932.79661437399,33.70433184010026,15186.584818956602,194722.5001958251,7.799090913317171,5836.691799073565,35175.388252008364,16.593112653817872,69834.35506469368,179535.91537686874,38.89715042146441,122603.82203711892,52859.05559768812,69744.76643943052,43.11370944185147,56.886290558148296,18523.150277725457,15.108134452870058,21474.25154505,19427.514988549996,19427.514988549996,2046.7365564999996,15.845766196969146,Choluteca,HNCH,Honduras,HND
07,488140.8809463663,235103.4027182259,253037.47822814455,10725.660260112192,31721.751311408607,33.811690139108904,262219.6600389129,346700.5035393788,75.63290429693004,59772.20880432465,86786.06119422254,68.87305171110101,1015.1244686006316,64738.221922653254,64738.221922653254,1.5680450257244685,0,31721.751311408607,0,61842.25219651466,95.52664617573436,20996.091051296404,31721.751311408607,66.18830986089107,5594.7589410377195,83394.07955140404,6.708820303711267,48315.351041978305,55.671786894269985,200319.92642240404,346700.5035393788,57.77895456666142,32413.04123170955,86786.06119422254,37.34821097499852,20360.417627168903,200319.92642240404,10.163950232407718,10699.246770378331,48315.351041978305,22.144611473654408,61050.64477841475,179959.50879523522,33.92465626691641,126243.67032429425,47109.1883210066,79134.48200328754,37.316079451740194,62.68392054825973,16779.796736611737,13.29159449618968,24413.242559299993,19877.295073299996,19877.295073299996,2267.9737429999996,15.745181538400525,El Paraíso,HNEP,Honduras,HND
08,1730801.6293108636,790282.6169096505,940519.0124012454,13606.83915434589,90910.43186178798,14.967302294892296,973378.7746719308,1314853.240080486,74.02946161598592,128806.0156758063,292360.679849761,44.05722949542922,5323.102908964774,198822.17815287056,198822.17815287056,2.6773184754428865,809.4906897667083,90910.43186178798,0.8904266245235586,192283.6521307498,96.71136988696834,77303.59270744206,90910.43186178798,85.03269770510768,5790.797706568954,257239.46487086397,2.2511311433010386,112238.429385161,38.39039827203793,745272.3661641089,1314853.240080486,56.68103050941932,67829.1823479091,292360.679849761,23.20051464607529,46694.91357455834,745272.3661641089,6.265483022655925,15136.310279761692,112238.429385161,13.4858536088557,218243.25873826575,698577.4525895491,31.241096878987747,471587.1672700498,370973.46096642176,100613.70630362828,78.66487612755319,21.335123872446857,52978.23629657547,11.23402839887668,94677.85509334008,79006.94416744004,79006.94416744004,12203.929924399998,16.753412656412994,Francisco Morazán,HNFM,Honduras,HND
09,404667.30668441014,193305.71145737811,211361.59522703395,17081.900764481557,35263.28262195425,48.441039785237386,173189.35478215647,241483.86387395096,71.71881052580694,44286.00140126869,79716.89374622778,55.554098159230286,3517.645615041052,67639.23044292399,67639.23044292399,5.200599699325892,4341.8560369371735,35263.28262195425,12.312682524439788,38591.73648772459,57.0552565944544,18181.3818574727,35263.28262195425,51.55896021476264,2354.886919703205,91219.45305855,2.5815622005447683,15350.31132878026,19.256032952872857,100665.97924519786,241483.86387395096,41.68642062880989,46572.208556311816,79716.89374622778,58.42200613657958,4172.581900216311,100665.97924519786,4.144977212264449,235.4886919703205,15350.31132878026,1.5340971718847378,41975.75352134746,96493.39734498152,43.50116658373679,77924.54270884092,33351.81813245318,44572.72457638756,42.80014610681733,57.19985389318245,884.3285110877744,1.1348523588928845,211.10207049999997,211.10207049999997,211.10207049999997,0,0.2709057546718839,Gracias a Dios,HNGD,Honduras,HND
10,282430.1382902514,135012.49062024488,147417.64767000894,9415.03545664163,21461.171690198687,43.87009056426064,147125.9802112647,190680.4035648919,77.15841662837427,32141.28395729793,47446.65858138774,67.74193361196194,803.184645827343,46263.70472078051,46263.70472078051,1.736101011959322,917.2578006840644,21461.171690198687,4.2740341204342345,44079.07246801328,95.27787005828364,12046.136233557065,21461.171690198687,56.12990943573939,11118.990972242957,62352.342041272226,17.83251536066292,28905.652018812845,60.92241873941337,115502.82347751844,190680.4035648919,60.57403976398174,11233.571468197488,47446.65858138774,23.67621199062512,1898.0675643169689,115502.82347751844,1.6433083687226138,567.6959538570227,28905.652018812845,1.9639617659810809,54424.171542709,113604.75591320146,47.90659607973739,69038.39278149014,21223.884266106583,47814.50851538352,30.742147102527728,69.25785289747223,12595.996884363458,18.244916164590332,17164.350227499996,11790.381443499997,11790.381443499997,3105.995040999999,17.078006842970876,Intibucá,HNIN,Honduras,HND
11,322385.82755727804,137301.60941156631,185084.21814571295,2233.2621338310587,32574.608232486295,6.855837276360092,170197.858294139,224507.8493326327,75.80931303741298,38046.191830052696,75425.70359023257,50.441944879622675,0,50399.757577640565,50399.757577640565,0,211.93982277328848,32574.608232486295,0.6506289231804889,48671.82602157395,96.57154788214062,30341.34609865524,32574.608232486295,93.14416272363992,1263.3264444111064,66582.4757522433,1.8973858063073632,29890.780365963616,39.62943524975535,134780.20855936292,224507.8493326327,60.03362865040476,22024.06600329643,75425.70359023257,29.19968254183908,4670.570095723876,134780.20855936292,3.4653233925415385,0,29890.780365963616,0,35018.19206469389,130109.63846363909,26.914371969821588,86026.71801993692,57607.68586514642,28419.032154790435,66.96487694880524,33.03512305119469,2306.8190713373947,2.681514678733627,575.4342685199999,482.30971552,482.30971552,93.124553,0.5606510705293017,Islas de la Bahía,HNIB,Honduras,HND
12,241721.77881112127,116589.46473164576,125132.3140794768,2136.218848587908,11140.631415818256,19.1750249052738,131548.0754186558,172929.2765852091,76.07044799833929,25449.890072145656,42838.47584700131,59.40895321075516,302.77117539041205,28681.673442640393,28681.673442640393,1.0556259068910847,0,11140.631415818256,0,27661.63186671225,96.44357719235562,9004.41256723035,11140.631415818256,80.82497509472623,1038.6828460074892,38180.74134193741,2.720436559115756,17971.709706070305,41.95226219125236,82983.95376210583,172929.2765852091,47.98722078804068,16141.726711343332,42838.47584700131,37.68044122063052,4288.426795197912,82983.95376210583,5.167778348440417,2449.091904701159,17971.709706070305,13.627484222460645,27041.385482309197,78695.52696690788,34.362036223075705,62550.6467482023,24255.867732693227,38294.77901550904,38.777964727263736,61.222035272736214,4606.790323613609,7.364896388934632,2344.2652319999997,2294.559303,2294.559303,24.8529645,3.6683222672928566,La Paz,HNLP,Honduras,HND
13,331856.3831458135,155903.83941255274,175952.54373326,16286.57945436967,28423.253585947223,57.30019402994011,169114.37848250853,225000.16339452312,75.16189140981977,47202.07948934031,59439.40587669624,79.41209841036839,3485.2326411607432,45959.88995069059,45959.88995069059,7.583204931299829,302.77117539041205,28423.253585947223,1.06522349552588,38413.29178109708,83.58003429144392,12136.67413157753,28423.253585947223,42.699805970059806,9836.71238751114,64145.517499592366,15.334995758002345,30791.868471686194,51.80379584473341,124746.82511389884,225000.16339452312,55.44299312137093,26253.380184155503,59439.40587669624,44.168308543690166,3948.395899352389,124746.82511389884,3.1651273655640897,1324.623892333053,30791.868471686194,4.3018626607575765,58083.61725010082,120798.42921454644,48.083089844604075,82881.2925026978,9702.347093077296,73178.94540962057,11.70631731251233,88.29368268748775,14010.742801485749,16.904590141411823,21896.65322306667,17459.874541333338,17459.874541333338,4436.7786817333335,21.066122419320397,Lempira,HNLE,Honduras,HND
14,146984.1614338599,71908.40543200115,75075.75600185854,2690.4583057609116,6052.086006624748,44.45505736065013,73952.85811473882,106318.06816855069,69.55812816077332,15290.625048599455,24455.660399042863,62.52386890847525,1907.4584049595965,18519.7570814956,18519.7570814956,10.29958652570812,0,6052.086006624748,0,15923.494252522814,85.98111834000836,3361.6277008638367,6052.086006624748,55.54494263934988,3379.262729774099,22328.786674115538,15.13410817656063,12511.871794843428,51.16145542867087,59982.8074991117,106318.06816855069,56.41826317236911,8033.141283571946,24455.660399042863,32.84777901105604,2465.288883431487,59982.8074991117,4.109992489878031,618.1578164220914,12511.871794843428,4.940570256457195,27716.171728454832,57517.51861568021,48.18735647072744,40367.55222651687,12127.93386634662,28239.618360170258,30.04376831741597,69.95623168258405,6266.989405288298,15.524818968764723,5341.967002799999,2662.717539699999,2662.717539699999,903.4560220999998,6.5961828073164614,Ocotepeque,HNOC,Honduras,HND
15,534127.9335975641,255049.92494414377,279078.008653425,13063.649935454,30176.384593248287,43.2909711071779,250809.8670362462,358304.829781203,69.99901932368647,62942.401542373125,89032.6405777797,70.69587191158963,1589.5486707996636,78962.7541030482,78962.7541030482,2.0130360052098313,353.23303795548077,30176.384593248287,1.170561161374228,72647.77378856321,92.002583513939,17112.734657794288,30176.384593248287,56.709028892822104,6721.278754517176,101643.60133081116,6.612594070375348,53579.8962212957,60.18005966529525,195952.08393252664,358304.829781203,54.68865269055507,29134.75183356305,89032.6405777797,32.723674873049134,6607.457712693739,195952.08393252664,3.371976240359314,2498.5556467407578,53579.8962212957,4.6632334568570695,70558.65020530298,189344.62621983295,37.26467004317459,135528.49632529775,45151.27680665814,90377.21951863969,33.3149691990128,66.68503080098725,34251.084781160986,25.272238466330332,56786.096475900005,42581.06574349996,42581.06574349996,9667.5049362,31.4185332959765,Olancho,HNOL,Honduras,HND
16,516620.6653323998,242786.5315032771,273834.1338291244,11154.910994308677,33618.684334331374,33.18068870088794,261868.7847166808,360950.9073813895,72.54969564046112,53610.37915644612,84477.174854881785,63.46137787933858,1413.644103935679,70949.69193567682,70949.69193567682,1.9924598195821517,3267.4721585569755,33618.684334331374,9.719214845121812,67293.8590717666,94.84728860102084,22463.773340022704,33618.684334331374,66.81931129911207,8517.950156673136,92309.91571299155,9.22755707323686,43326.37303804622,51.28766807421528,224019.3234981075,360950.9073813895,62.063654341060634,27140.73936219396,84477.174854881785,32.12789656947855,10176.810908008743,224019.3234981075,4.542827265566096,4391.984743148946,43326.37303804622,10.136977630904411,100140.04630153578,213842.5125900988,46.828876582407126,140335.65721154914,51543.71893197316,88791.93827957612,36.72888270603495,63.27111729396515,33523.79492103427,23.888294384440577,28995.284463471668,24342.90192643828,24342.90192643828,3927.0745392833337,17.346198685443536,Santa Bárbara,HNSB,Honduras,HND
17,203017.7750992143,92440.99395906196,110576.78114015351,4850.597029657064,14683.456818230668,33.0344352130669,112865.72897078868,141824.2697475882,79.58139264292458,21574.563494089824,32641.832814781705,66.0948287325333,423.87964554657697,27698.258793353365,27698.258793353365,1.5303476247694443,264.9247784666106,14683.456818230668,1.8042398445145809,26215.00181947364,94.64494506695976,9832.8597885736,14683.456818230668,66.96556478693309,2543.9596588101376,35830.49981109504,7.099983735148433,17959.748809385776,55.02065068249717,83119.27617303886,141824.2697475882,58.60723014542604,9340.63486977754,32641.832814781705,28.615534313832026,6836.393197701119,83119.27617303886,8.224798762045307,1448.2554556174712,17959.748809385776,8.063895943024615,31487.983632158554,76282.88297533772,41.27791504987905,49682.292040438115,21662.32982134492,28019.962219093188,43.60171186086425,56.39828813913574,10294.701301916826,20.721067565758876,21984.27562157,15134.702755769998,15134.702755769998,5005.926010199998,30.462972085610197,Valle,HNVA,Honduras,HND
18,583699.0181915793,278197.8284798216,305501.1897117579,12727.146342419666,40260.377986003135,31.612088557251912,312463.9330348517,409722.3994385407,76.26235067036457,62127.22242390602,91476.13459810396,67.91631795206368,1404.5313496042372,77522.89212388243,77522.89212388243,1.8117633528942405,1808.0883420390871,40260.377986003135,4.490987001333383,73568.43482248626,94.89898120018935,27533.23164358347,40260.377986003135,68.38791144274808,6980.196735021284,104466.34635757844,6.6817659259650295,43614.09355657412,47.67811161697043,221129.38251705177,409722.3994385407,53.970537812937344,32452.064068094984,91476.13459810396,35.47598967826043,13351.414091208617,221129.38251705177,6.03782904796881,5098.663565088644,43614.09355657412,11.690403604226926,73507.85348915626,207777.9684258433,35.378078843518715,158506.17415021916,90119.74830720467,68386.42584301489,56.85567063261306,43.14432936738719,30031.958856600908,18.94687006207031,33678.69203003998,26339.53841127999,26339.53841127999,4479.642169760001,16.617358000400372,Yoro,HNYO,Honduras,HND
01,348880,164584,184296,1688,17306,9.75384259794291,224274,260583,86.06624376878,57870,59433,97.37014789763263,32158,37615,37615,85.49248969825868,10174,17306,58.78885935513695,36037,95.80486508042004,15532,17306,89.74921992372587,413,49078,0.8415175842536371,23606,39.71867481029058,133254,260583,51.13687385593074,15357,59433,25.839180253394577,8322,133254,6.24521590346256,2884,23606,12.21723290688808,42566,125345,33.95907295863417,107421,72810,34611,67.78004300835032,32.219956991649674,17308,16.11230578750896,8608,6220,4574,1646,5.79030171009393,Ahuachapán,SVAH,El Salvador,SLV
02,552938,257932,295006,2686,25848,10.391519653358094,382358,433907,88.11980447423065,83832,86964,96.39850972816338,44665,52145,52145,85.65538402531404,14921,25848,57.72593624264933,49297,94.5383066449324,22773,25848,88.10352831940575,831,69369,1.19794144358431,36529,42.00473759256704,246885,433907,56.898137158423346,15242,86964,17.52679269582816,10682,246885,4.326710816777042,3305,36529,9.047606011661967,79087,237034,33.365255617337596,182885,127481,55404,69.70555266971047,30.294447330289525,48498,26.518303852147525,17792,12799,9429,3370,6.998386964485879,Santa Ana,SVSA,El Salvador,SLV
03,470455,220343,250112,1970,23343,8.439360836224992,312009,354899,87.91487155500579,76417,78561,97.27091050266672,42450,49481,49481,85.79050544653504,13351,23343,57.19487640834512,47470,95.93581374669066,21236,23343,90.97373945079896,559,64862,0.8618297308131109,33664,42.850778376039,196928,354899,55.48846291480111,16471,78561,20.965873652321125,10936,196928,5.553298667533312,3803,33664,11.296934410646388,57923,186551,31.049418121586054,146500,106466,40034,72.67303754266212,27.326962457337885,27424,18.71945392491467,12394,8899,6539,2360,6.074402730375427,Sonsonate,SVSO,El Salvador,SLV
04,185930,87682,98248,1148,9033,12.708956050038749,121973,145166,84.02311836104873,26653,27532,96.80735144559058,15271,17678,17678,86.38420635818531,5399,9033,59.7697332004871,16762,94.81841837311912,7812,9033,86.48289604782464,417,23658,1.7626172964747655,11371,41.30103152695046,69571,145166,47.92513398454184,6798,27532,24.69126834229261,2638,69571,3.791809805809892,784,11371,6.894732213525636,24538,67350,36.43355605048255,62703,16240,46463,25.89987719885811,74.1001228011419,26356,42.03307656730938,13493,9334,6526,2808,14.886050109245172,Chalatenango,SVCH,El Salvador,SLV
05,765879,358057,407822,2539,34140,7.437024018746339,544547,606815,89.73855293623262,115716,120693,95.8763142850041,57126,68490,68490,83.4077967586509,20494,34140,60.02929115407147,64028,93.48518031829464,30738,34140,90.03514938488577,665,90926,0.7313639663022677,52023,43.103576843727474,356129,606815,58.68823282219457,18733,120693,15.52119841250114,15356,356129,4.311920680427598,4676,52023,8.988332083885973,79027,341438,23.145344103468272,248567,200243,48324,80.5589639815422,19.4410360184578,51838,20.854739366046175,24868,17458,12589,4869,7.023458463915162,La Libertad,SVLI,El Salvador,SLV
06,1563371,719683,843688,2916,65382,4.459943103606498,1194865,1273441,93.8296316829755,231446,237527,97.43986999372704,108692,128050,128050,84.88246778602108,41945,65382,64.15374262029304,122343,95.54314720812182,61533,65382,94.11305863999266,803,170893,0.4698846646732166,98153,41.32288118824386,780136,1273441,61.262045120268624,25831,237527,10.874974213457838,40705,780136,5.217679994257412,11598,98153,11.816246064817172,178765,740234,24.149795875358333,513188,495903,17285,96.63183862444173,3.368161375558275,102774,20.026578953521906,46669,32472,23325,9147,6.327505709408638,San Salvador,SVSS,El Salvador,SLV
07,244901,114155,130746,740,12384,5.975452196382429,169685,188419,90.05726598697584,40543,41267,98.2455715220394,21037,24237,24237,86.79704583900647,7680,12384,62.01550387596899,23425,96.64975038164788,11590,12384,93.58850129198966,220,32429,0.6784051312097197,17231,41.754913126711415,103303,188419,54.82621179392736,7440,41267,18.028933530423824,5041,103303,4.879819559935336,1922,17231,11.154314897568335,32959,98482,33.467029507930384,75440,57692,17748,76.47401908801697,23.525980911983034,13823,18.32317073170732,7582,5259,3708,1551,6.971102863202545,Cuscatlán,SVCU,El Salvador,SLV
08,318374,149912,168462,1077,16114,6.68362914236068,217642,244259,89.10296038221723,52822,54242,97.3821024298514,27139,31495,31495,86.16923321162089,9886,16114,61.35037855281122,30182,95.8310842990951,14911,16114,92.53444210003724,393,42066,0.9342461845671088,23886,44.035986873640354,136572,244259,55.91278110530216,9659,54242,17.807234246524832,5890,136572,4.3127434613244295,2086,23886,8.733149125010467,39567,131075,30.186534426854855,103774,64413,39361,62.07046080906586,37.92953919093414,24759,23.858577292963556,11980,8131,5641,2490,7.835295931543547,La Paz,SVPA,El Salvador,SLV
09,143049,65633,77416,1350,8214,16.43535427319211,86303,106022,81.40102997491087,21833,22696,96.19756785336624,14245,16213,16213,87.86159254918893,4736,8214,57.65765765765766,15382,94.87448343921544,6792,8214,82.68809349890431,519,21745,2.3867555759944814,8962,39.487134296792384,48305,106022,45.56129859840411,6689,22696,29.472153683468452,1845,48305,3.819480385053307,568,8962,6.337871010935059,18684,46979,39.770961493433234,42907,16425,26482,38.28046705665742,61.71953294334258,19695,45.901601137343555,11338,7428,4921,2507,17.311860535576944,Cabañas,SVCA,El Salvador,SLV
10,161857,75528,86329,681,8463,8.04679191775966,104807,123890,84.59681975946404,24143,25219,95.7333756294857,14075,16471,16471,85.45322081233684,5022,8463,59.34065934065934,15691,95.26440410418311,7584,8463,89.61361219425736,253,22130,1.1432444645277904,9663,38.31634878464649,63069,123890,50.907256437162,5540,25219,21.967564138149807,2602,63069,4.125640171875248,794,9663,8.216909862361586,25753,60720,42.4127140974967,54095,32943,21152,60.898419447268694,39.101580552731306,20029,37.02560310564747,9791,6627,4541,2086,12.25067011738608,San Vicente,SVSV,El Salvador,SLV
11,325494,151346,174148,1293,16603,7.7877492019514545,206706,246712,83.78433152825967,50253,51638,97.31786668732327,30067,34687,34687,86.68088909389685,10188,16603,61.362404384749745,33334,96.09940323464122,15226,16603,91.70631813527676,624,45702,1.3653669423657608,20868,40.41209961656145,126264,246712,51.17870229255164,11248,51638,21.7824083039622,5590,126264,4.427231831717671,1831,20868,8.77419973164654,47201,121298,38.91325495886165,110028,55056,54972,50.03817210164685,49.96182789835315,41535,37.74948195004908,17460,11553,7663,3890,10.50005453157378,Usulután,SVUS,El Salvador,SLV
12,447634,205441,242193,2076,22565,9.200088632838469,289207,342836,84.35724369669462,71117,73635,96.5804305017994,39740,46011,46011,86.37065049662037,13734,22565,60.86417017504986,43651,94.8707917671861,20219,22565,89.60336804786174,853,61080,1.3965291421087098,30410,41.29829564745026,178700,342836,52.12404764960506,14200,73635,19.28430773409384,6784,178700,3.796306659205372,2093,30410,6.882604406445248,56180,172769,32.51740763678669,146022,91392,54630,62.587829231211735,37.412170768788265,55580,38.06275766665297,21738,14722,10161,4561,10.082042431962307,San Miguel,SVSM,El Salvador,SLV
13,169784,79056,90728,845,9178,9.206798866855523,100655,128116,78.56551874863405,27916,28657,97.41424433820708,15987,18528,18528,86.28562176165804,5295,9178,57.69230769230769,17784,95.98445595854922,8309,9178,90.53170625408586,387,24626,1.571509786404613,11208,39.11086296541857,61150,128116,47.730182022542074,6980,28657,24.357050633353108,2082,61150,3.404742436631235,701,11208,6.254461099214846,24467,59455,41.15213186443529,54853,12401,42452,22.607696935445645,77.39230306455435,20393,37.1775472626839,9631,6647,4618,2029,12.117842232876962,Morazán,SVMO,El Salvador,SLV
14,224375,105063,119312,1619,12062,13.422318023545015,134311,169049,79.45092842903537,34284,35640,96.1952861952862,21347,24471,24471,87.23386866086388,7302,12062,60.537224340905325,22913,93.63328020922724,10359,12062,85.8812800530592,499,32563,1.5324140896109082,13874,38.92817059483726,75614,169049,44.72904305852149,10016,35640,28.10325476992144,2677,75614,3.540349670695903,816,13874,5.8815049733314115,31787,73436,43.285309657388744,72285,16106,56179,22.281247838417375,77.71875216158263,35656,49.32696963408729,13464,8832,5892,2940,12.218302552396764,La Unión,SVUN,El Salvador,SLV
01,3015081,1449203,1565878,18117,167437,10.820189086044303,2064999,2208202,93.514950172131,593836,604910,98.16931444347092,273591,322774,322774,84.76240341539281,90588,167437,54.102737148897795,313130,97.01215091674052,149320,167437,89.17981091395569,7215,432907,1.666639717075492,275580,45.557190325833595,1336435,2208202,60.5214106318172,0,604910,0,45030,1336435,3.369411905554703,21265,275580,7.716452572755642,158141,1298620,12.177619318969368,752843,694241,58602,92.21590690223591,7.784093097764075,45457,6.038045116976581,32601,21637,15308,6329,2.8740388102167382,Guatemala,GT01,Guatemala,GTM
02,176632,87172,89460,1884,10467,17.999426769848093,106212,122703,86.5602308012029,34923,36055,96.8603522396339,17648,21588,21588,81.7491198814156,4889,10467,46.7087035444731,20640,95.60867148415788,8583,10467,82.0005732301519,584,28498,2.049266615201067,14160,39.27333240881986,61433,122703,50.06642054391498,0,36055,0,2105,61433,3.426497159507105,1108,14160,7.824858757062147,8556,59912,14.280945386566964,44213,23606,20607,53.39153642593807,46.60846357406193,3956,8.947594598873634,2194,1434,999,435,3.243389953181191,El Progreso,GT02,Guatemala,GTM
03,330469,161691,168778,3631,20099,18.065575401761283,211829,235375,89.99638874137015,68046,70266,96.84057723507811,32869,38847,38847,84.61142430560919,9660,20099,48.06209264142495,36706,94.48863490102195,16468,20099,81.93442459823872,1627,51926,3.1333050880098603,33765,48.05311245837247,142208,235375,60.417631439192775,0,70266,0,3237,142208,2.2762432493249323,1576,33765,4.667555160669332,19399,140598,13.79749356320858,76967,68409,8558,88.88094897813349,11.119051021866516,2869,3.727571556641158,2076,1238,818,420,1.6084815570309354,Sacatepéquez,GT03,Guatemala,GTM
04,615776,297154,318622,14264,42716,33.39263976027718,342203,406333,84.21737835716026,132270,136989,96.5551978626021,67750,82970,82970,81.65602024828252,15065,42716,35.26781533851484,78001,94.011088345185,28452,42716,66.60736023972282,5894,111027,5.308618624298594,64496,47.081152501295726,214820,406333,52.86796789825094,0,136989,0,3173,214820,1.477050553952146,1589,64496,2.463718680228231,50057,217541,23.01037505573662,126803,71955,54848,56.74550286665142,43.25449713334858,9738,7.679629030858892,10703,7482,5388,2094,5.900491313297004,Chimaltenango,GT04,Guatemala,GTM
05,733181,365507,367674,8646,44942,19.238129144230346,436852,503903,86.69366921808364,149722,155228,96.4529595176128,72442,89099,89099,81.30506515224637,18835,44942,41.90957233767968,82789,92.917990100899,36296,44942,80.76187085576966,1544,119106,1.2963242825718269,58842,37.90682093436751,245948,503903,48.8086000678702,0,155228,0,12749,245948,5.18361604892091,5410,58842,9.19411304850277,29931,234743,12.750539952203049,184274,113547,70727,61.618568001997026,38.381431998002974,10122,5.492907301084255,6305,4134,2860,1274,2.24339841757383,Escuintla,GT05,Guatemala,GTM
06,396607,195584,201023,4712,25210,18.69099563665212,231159,270166,85.56183975777856,81099,83697,96.89594609125776,39610,49481,49481,80.05092863927568,10127,25210,40.17056723522412,47030,95.04658353711524,20498,25210,81.30900436334788,1417,66154,2.1419717628563655,33518,40.046835609400574,134232,270166,49.68500847627015,0,83697,0,4011,134232,2.98811013767209,2090,33518,6.23545557610836,15810,131638,12.010209817833756,98292,46104,52188,46.90513978757173,53.09486021242827,9098,9.256094087006064,7835,5344,3797,1547,5.436861596060717,Santa Rosa,GT06,Guatemala,GTM
07,421583,201265,220318,9272,29872,31.039100160685592,203077,282335,71.92767457098836,89285,94563,94.41853579095418,43994,56314,56314,78.12266931846432,11154,29872,37.339314408141405,53273,94.59992186667614,20600,29872,68.96089983931441,3240,76122,4.25632537242847,40117,42.42356947220372,141334,282335,50.05897249721076,0,94563,0,1904,141334,1.3471634567761472,1079,40117,2.6896328239898297,31079,142670,21.78383682624238,85607,52892,32715,61.784667141705704,38.215332858294296,8603,10.04941184716203,11996,8559,6235,2324,9.998014181083322,Sololá,GT07,Guatemala,GTM
08,418569,196293,222276,12288,29649,41.44490539309926,197042,274247,71.84837026476133,87194,93612,93.14404136221852,47159,56924,56924,82.84554845056567,9260,29649,31.232082026375256,52539,92.2967465392453,17361,29649,58.55509460690074,4611,76572,6.02178341952672,46359,49.52249711575439,138202,274247,50.393258631817304,0,93612,0,2058,138202,1.4891246146944328,1139,46359,2.456912357902457,27301,140755,19.396113814784556,77530,41917,35613,54.06552302334581,45.93447697665419,6490,8.37095317941442,8282,5403,3682,1721,6.96891525860957,Totonicapán,GT08,Guatemala,GTM
09,799101,377782,421319,12722,51636,24.637849562320863,458551,548868,83.54485960194437,165397,171635,96.3655431584467,82358,98177,98177,83.88726483799668,23842,51636,46.17321248741188,92807,94.53028713446125,38914,51636,75.36215043767913,3725,131690,2.8286126509226213,69008,40.20625163865179,271906,548868,49.539415670070035,0,171635,0,5450,271906,2.004369156988077,2595,69008,3.760433572919082,43796,270181,16.209874121422306,174830,111137,63693,63.568609506377626,36.431390493622374,21674,12.39718583767088,25542,17018,11695,5323,9.734027340845392,Quetzaltenango,GT09,Guatemala,GTM
10,554695,272317,282378,9534,37199,25.629721229065296,294002,364761,80.60127042090575,114108,120043,95.05593828877986,57220,73910,73910,77.41848193749155,13093,37199,35.19718271996559,67873,91.83195778649709,27665,37199,74.3702787709347,1909,98803,1.9321275669767113,47803,39.82156393958832,178520,364761,48.941635756015586,0,120043,0,5888,178520,3.29822989020838,2959,47803,6.189988076062172,32722,174541,18.747457617407942,124226,61919,62307,49.84383301402283,50.15616698597717,9316,7.49923526475939,7036,4864,3504,1360,3.915444431922464,Suchitepéquez,GT10,Guatemala,GTM
11,326828,159745,167083,4238,21242,19.951040391676862,181766,217930,83.40568072316799,67537,70357,95.99187003425388,34286,42283,42283,81.08696166307972,8748,21242,41.18256284718953,39752,94.01414279970672,17004,21242,80.04895960832313,979,56419,1.7352310391889256,25646,36.4512415253635,102054,217930,46.82879823796632,0,70357,0,4305,102054,4.218354988535482,2133,25646,8.317086485221868,20007,98728,20.264767847014017,73712,43150,30562,58.538636856956806,41.461363143043194,6424,8.714998914695029,5586,3877,2854,1023,5.259659214239202,Retalhuleu,GT11,Guatemala,GTM
12,1032277,501142,531135,23464,74211,31.617954211639784,509473,648975,78.50425671250818,204119,214203,95.29231616737394,121903,150070,150070,81.23075897914306,27311,74211,36.80182183234292,138052,91.99173718931164,50747,74211,68.38204578836022,4449,199340,2.2318651550115383,66338,30.96968763275958,250610,648975,38.61627951770099,0,214203,0,6071,250610,2.422489126531264,3200,66338,4.823781241520697,57887,248988,23.24891159413305,203694,57029,146665,27.99738823922158,72.00261176077842,22076,10.83782536549923,31060,19030,11975,7055,9.342445040109183,San Marcos,GT12,Guatemala,GTM
13,1170669,557086,613583,40293,82864,48.62545858273798,506199,717486,70.5517598949666,225225,247240,91.09569648924122,134686,174098,174098,77.36217532654022,16780,82864,20.25004827186715,155643,89.39964847384806,42571,82864,51.37454141726202,10709,229230,4.671727086332504,95145,38.48285067141239,311640,717486,43.43499385353861,0,247240,0,6028,311640,1.9342831472211528,3177,95145,3.339113983919281,75117,316321,23.747079707006492,226029,70433,155596,31.161045706524384,68.83895429347561,35653,15.773639665706613,55851,34301,21068,13233,15.175486331399954,Huehuetenango,GT13,Guatemala,GTM
14,949261,455347,493914,30093,71853,41.881341071354015,374399,580371,64.51028738513813,188506,211462,89.14414883052274,111805,145353,145353,76.9196370215957,15345,71853,21.356102041668407,129315,88.96617200883367,41760,71853,58.118658928645985,10779,192901,5.58784039481392,88628,41.91202201814038,263396,580371,45.38407329105003,0,211462,0,4109,263396,1.5600085043053045,2326,88628,2.624452768876653,69769,270066,25.83405537905549,170442,58106,112336,34.09136245761022,65.90863754238978,18666,10.95152603231598,28926,18124,11282,6842,10.633529294422736,Quiché,GT14,Guatemala,GTM
15,299476,144925,154551,5691,20124,28.279666070363746,143021,194087,73.68911879724041,60909,65286,93.29565297307232,31067,40834,40834,76.08120683743938,6117,20124,30.39654144305307,38155,93.4392907870892,14433,20124,71.72033392963625,2079,54089,3.8436650705319018,27328,41.85889777287627,98170,194087,50.58040981621644,0,65286,0,1913,98170,1.9486604869104611,1080,27328,3.951990632318501,8924,98336,9.0750081353726,68003,29156,38847,42.87457906268841,57.12542093731159,6983,10.268664617737452,8673,5830,4006,1824,8.573151184506566,Baja Verapaz,GT15,Guatemala,GTM
16,1215038,602878,612160,26796,85749,31.249344015673653,491754,742889,66.19481510696752,240744,265053,90.82862672748468,143332,184698,184698,77.60343912765704,18626,85749,21.721536111208295,168153,91.04213364519376,58953,85749,68.75065598432634,9349,241346,3.873691712313442,100051,37.74754483065651,354404,742889,47.70618490783953,0,265053,0,7593,354404,2.142470175280189,4563,100051,4.560674056231322,72399,356160,20.327661725067387,228446,76846,151600,33.63858417306497,66.36141582693503,3975,1.7400173345123136,5671,3236,1869,1367,1.4165273193665024,Alta Verapaz,GT16,Guatemala,GTM
17,545600,272863,272737,10609,37482,28.30425270796649,271483,347416,78.1434936790476,117364,125633,93.41813058670893,61301,77342,77342,79.25965193555895,11608,37482,30.96953204204685,70542,91.20788187530708,26873,37482,71.69574729203352,3364,101915,3.3007898739145367,48638,38.71435052892154,166708,347416,47.98512446174039,0,125633,0,3974,166708,2.3838088154137775,2130,48638,4.379291911674,37277,166098,22.44277474743826,124650,54576,70074,43.78339350180505,56.21660649819495,8866,7.112715603690333,8811,5676,3804,1872,4.553549939831528,Petén,GT17,Guatemala,GTM
18,408688,201859,206829,6848,27691,24.730056697121807,219987,270138,81.43504431068565,85302,89848,94.94034369156796,44352,54409,54409,81.51592567406128,9928,27691,35.852804160196456,49690,91.32680255104854,20843,27691,75.26994330287819,1913,72476,2.639494453336277,35466,39.473332739738225,137074,270138,50.74221323915924,0,89848,0,4629,137074,3.377008039453142,2564,35466,7.229459200360909,27093,134358,20.164783637743938,94786,42740,52046,45.091047201063446,54.908952798936554,9224,9.731394931740974,5723,3829,2674,1155,4.03962610512101,Izabal,GT18,Guatemala,GTM
19,245374,120239,125135,4226,15283,27.651639076097624,138372,169010,81.87207857523224,47888,51531,92.93046903805477,24105,30152,30152,79.94494560891484,5597,15283,36.62239089184061,27125,89.96086495091537,11057,15283,72.34836092390238,1103,40182,2.7450102035737394,20068,38.94354854359512,83332,169010,49.30595822732383,0,51531,0,2953,83332,3.543656698507176,1338,20068,6.66733107434722,15000,81482,18.408973761076066,59432,27959,31473,47.043680172297755,52.956319827702245,5287,8.895881006864988,3676,2394,1619,775,4.028132992327365,Zacapa,GT19,Guatemala,GTM
20,415063,199910,215153,10430,28575,36.500437445319335,196723,268989,73.134217384354,80756,89311,90.4211127408718,42229,56226,56226,75.1058229288941,7130,28575,24.95188101487314,51035,90.7676164052218,18145,28575,63.499562554680665,2317,74845,3.095731177767386,31700,35.49394811389414,115801,268989,43.05045931246259,0,89311,0,2736,115801,2.362673897462025,1388,31700,4.378548895899054,19490,115382,16.891716212234144,90917,35750,55167,39.32157902262503,60.67842097737497,9704,10.673471407987504,10420,6705,4397,2308,7.374858387320304,Chiquimula,GT20,Guatemala,GTM
21,342923,165871,177052,7889,24337,32.41566339318733,172679,220149,78.43733108031378,71479,76197,93.808155176713,36275,47579,47579,76.24161920174868,6945,24337,28.5367958252866,44133,92.7573088967822,16448,24337,67.58433660681267,2865,63329,4.52399374694058,33784,44.33770358413061,113835,220149,51.70816129076216,0,76197,0,1853,113835,1.6277946150129574,967,33784,2.8623016812692397,17320,114847,15.080933764051304,73468,46369,27099,63.114553274895194,36.885446725104806,8369,11.391354058910002,8164,5432,3617,1815,7.393695214242936,Jalapa,GT21,Guatemala,GTM
22,488395,237263,251132,6533,31260,20.898912348048626,271556,334228,81.24872841293967,99355,103342,96.14193648274662,49431,60923,60923,81.13684486975362,12497,31260,39.97760716570697,58497,96.0179242650559,24727,31260,79.10108765195137,2032,81499,2.493282126161058,39317,38.045518762942464,158486,334228,47.418528669052264,0,103342,0,3941,158486,2.486654972678975,2146,39317,5.458198743546049,25200,156577,16.09431781168371,116767,59892,56875,51.291888975481086,48.708111024518914,15507,13.280293233533447,13938,9432,6591,2841,8.077624671354064,Jutiapa,GT22,Guatemala,GTM
